{"cameraMode":{"drawMode":0,"name":"Shaded","section":"Shading Mode"},"sceneLighting":true,"audioPlay":false,"sceneViewState":{"showFog":true,"showMaterialUpdate":false,"showSkybox":true,"showFlares":true,"showImageEffects":true,"showParticleSystems":true},"in2DMode":false,"pivot":{"x":36.74314498901367,"y":5.468536376953125,"z":45.84330749511719},"rotation":{"x":-0.08429691195487976,"y":-0.25505024194717409,"z":0.022316426038742067,"w":-0.9630066752433777},"size":7.092929840087891,"orthographic":false}