{"cameraMode":{"drawMode":0,"name":"Shaded","section":"Shading Mode"},"sceneLighting":true,"audioPlay":false,"sceneViewState":{"showFog":true,"showMaterialUpdate":false,"showSkybox":true,"showFlares":true,"showImageEffects":true,"showParticleSystems":true},"in2DMode":false,"pivot":{"x":32.55974578857422,"y":0.2598600387573242,"z":40.832515716552737},"rotation":{"x":-0.010817091912031174,"y":0.9796046614646912,"z":-0.054722435772418979,"w":-0.1931736171245575},"size":7.189000129699707,"orthographic":false}