{"cameraMode":{"drawMode":0,"name":"Shaded","section":"Shading Mode"},"sceneLighting":true,"audioPlay":false,"sceneViewState":{"showFog":true,"showMaterialUpdate":false,"showSkybox":true,"showFlares":true,"showImageEffects":true,"showParticleSystems":true},"in2DMode":false,"pivot":{"x":43.339351654052737,"y":1.2983624935150147,"z":62.38393020629883},"rotation":{"x":0.024520456790924073,"y":0.27386823296546938,"z":-0.006991816218942404,"w":0.961446225643158},"size":8.66372013092041,"orthographic":false}