{"cameraMode":{"drawMode":0,"name":"Shaded","section":"Shading Mode"},"sceneLighting":true,"audioPlay":false,"sceneViewState":{"showFog":true,"showMaterialUpdate":false,"showSkybox":true,"showFlares":true,"showImageEffects":true,"showParticleSystems":true},"in2DMode":false,"pivot":{"x":42.82056427001953,"y":1.255840539932251,"z":61.33830261230469},"rotation":{"x":0.061153851449489596,"y":0.2372313141822815,"z":-0.014965374022722245,"w":0.969411313533783},"size":7.32340669631958,"orthographic":false}